Año,Accesos telefonía fija por cada 100 hab,Accesos telefonía movil por cada 100 hab,Accesos internet por cada 100 hab,año_id
2022,42.44,51.295,78.13,0
2021,44.46,50.233,71.37,1
2020,46.89,48.591,64.53999999999999,2
2019,51.17,51.365,62.13,3
2018,62.370000000000005,53.352,56.17,4
2017,66.2,56.739,49.66,5
2016,66.2,57.534,45.47,6
2015,66.37,56.237,45.25,7
2014,64.16,57.711,42.3,8
